Wednesday,12
Wednesday,40
Monday,2
Wednesday,28
Sunday,42
Thursday,20
Sunday,10
Tuesday,18
Friday,18
Friday,38
Monday,2
Friday,34
Sunday,28
Saturday,28
Friday,14
Friday,46
Saturday,24
Saturday,18
Saturday,42
Tuesday,16
Wednesday,16
Friday,32
Friday,18
Tuesday,50
Saturday,32
Thursday,36
Saturday,28
Saturday,36
Saturday,20
Monday,50
Friday,4
Monday,42
Saturday,12
Saturday,8
Thursday,4
Tuesday,14
Sunday,50
Monday,14
Tuesday,36
Tuesday,46
Tuesday,44
Monday,20
Wednesday,2
Monday,24
Monday,4
Sunday,2
Saturday,8
Tuesday,10
Monday,44
Wednesday,48
Thursday,16
Tuesday,38
Monday,38
Sunday,38
Friday,30
Wednesday,34
Wednesday,28
Tuesday,36
Wednesday,42
Saturday,4
Tuesday,10
Saturday,10
Thursday,44
Friday,2
Saturday,28
Friday,12
Saturday,34
Saturday,50
Monday,20
Monday,10
Thursday,6
Sunday,12
Tuesday,10
Friday,38
Saturday,16
Friday,12
Thursday,38
Friday,18
Tuesday,12
Sunday,12
Thursday,32
Monday,44
Saturday,6
Thursday,26
Sunday,14
Friday,32
Saturday,40
Tuesday,20
Saturday,30
Saturday,40
Thursday,18
Sunday,48
Wednesday,26
Friday,40
Wednesday,10
Saturday,6
Saturday,36
Saturday,22
Thursday,18
Tuesday,28
Friday,46
Monday,22
Wednesday,38
Tuesday,48
Monday,26
Saturday,12
Thursday,48
Thursday,6
Wednesday,20
Sunday,46
Friday,14
Monday,38
Tuesday,4
Friday,10
Sunday,38
Saturday,20
Wednesday,30
Sunday,44
Tuesday,4
Tuesday,12
Thursday,32
Friday,14
Friday,18
Wednesday,10
Saturday,36
Tuesday,22
Monday,38
Thursday,28
Sunday,8
Friday,42
Friday,6
Saturday,8
Thursday,12
Monday,12
Sunday,40
Saturday,50
Sunday,10
Saturday,14
Monday,38
Sunday,38
Thursday,48
Friday,36
Tuesday,30
Sunday,14
Monday,40
Tuesday,42
Saturday,14
Saturday,12
Friday,40
Thursday,24
Friday,28
Thursday,16
Monday,22
Thursday,38
Wednesday,40
Monday,2
Tuesday,40
Thursday,40
Friday,8
Tuesday,18
Tuesday,14
Friday,16
Saturday,34
Thursday,6
Friday,14
Monday,38
Wednesday,10
Sunday,8
Wednesday,50
Saturday,26
Sunday,36
Friday,30
Sunday,48
Sunday,48
Saturday,20
Thursday,38
Tuesday,10
Thursday,14
Wednesday,12
Sunday,44
Sunday,40
Tuesday,18
Wednesday,44
Friday,12
Thursday,48
Sunday,2
Monday,4
Sunday,16
Sunday,20
Friday,4
Sunday,14
Friday,32
Friday,40
Sunday,6
Friday,36
Tuesday,14
Sunday,28
Friday,8
Thursday,6
Saturday,24
